{
  "metadata": [
    {
      "src": [
        {
	  "src": "..",
          "files": [
            "HKMP/**.csproj",
	    "HKMPServer/**.csproj"
          ]
        }
      ],
      "dest": "doc",
      "disableGitFeatures": false,
      "disableDefaultFilter": false
    }
  ],
  "build": {
    "xrefService": [ "https://xref.docs.microsoft.com/query?uid={uid}" ],
    "content": [
      {
        "files": [
          "doc/**.yml",
          "doc/index.md"
        ]
      },
      {
        "files": [
          "articles/**.md",
          "articles/**/toc.yml",
          "toc.yml",
          "*.md"
        ]
      }
    ],
    "resource": [
      {
        "files": [
          "images/**"
        ]
      }
    ],
    "overwrite": [
      {
        "files": [
          "apidoc/**.md"
        ],
        "exclude": [
          "obj/**",
          "_site/**"
        ]
      }
    ],
    "dest": "_site",
    "globalMetadataFiles": [],
    "fileMetadataFiles": [],
    "template": [
      "default",
      "templates/hkmp"
    ],
    "postProcessors": [],
    "markdownEngineName": "markdig",
    "noLangKeyword": false,
    "keepFileLink": false,
    "cleanupCacheHistory": false,
    "disableGitFeatures": false
  }
}
